date,period_flow,symptoms,mood,sleep_hours,resting_hr_bpm,hrv_ms,skin_temp_c
2026-01-01,heavy,cramps,okay,7.1,56,57,36.11
2026-01-02,heavy,,low,7.4,56,64,36.16
2026-01-03,medium,cramps,okay,7.2,55,67,36.18
2026-01-04,light,,good,7.4,56,72,36.23
2026-01-05,spotting,low energy,okay,7.6,57,61,36.11
2026-01-06,,,,7.7,57,66,36.23
2026-01-07,,,,7.4,57,62,36.13
2026-01-08,,,,7.8,57,61,36.18
2026-01-09,,,,7.5,57,69,36.19
2026-01-10,,,,7.5,58,64,36.21
2026-01-11,,,,7.6,56,60,36.12
2026-01-12,,,,7.4,59,64,36.13
2026-01-13,,,great,7.1,57,65,36.26
2026-01-14,,,good,6.8,57,71,36.18
2026-01-15,,,,6.7,57,66,36.34
2026-01-16,,,,7.0,60,59,36.53
2026-01-17,,,okay,7.0,61,57,36.44
2026-01-18,,,okay,7.3,61,58,36.55
2026-01-19,,,good,7.2,60,62,36.43
2026-01-20,,,good,6.4,62,58,36.47
2026-01-21,,,,6.9,62,49,36.52
2026-01-22,,,,7.1,62,63,36.56
2026-01-23,,,,7.4,62,55,36.42
2026-01-24,,bloating,okay,6.7,62,52,36.58
2026-01-25,,,,7.2,60,61,36.48
2026-01-26,,headache,okay,6.7,62,54,36.53
2026-01-27,,,low,6.5,63,48,36.28
2026-01-28,,bloating,low,5.8,62,45,36.31
2026-01-29,heavy,low energy,okay,7.1,57,65,36.18
2026-01-30,heavy,backache,low,7.7,58,50,36.16
2026-01-31,medium,,okay,7.6,58,64,36.18
2026-02-01,light,,okay,7.4,57,70,36.18
2026-02-02,spotting,,okay,7.2,56,69,36.06
2026-02-03,,,,7.1,58,69,36.10
2026-02-04,,,okay,7.2,55,64,36.15
2026-02-05,,,okay,7.5,56,66,36.15
2026-02-06,,,,7.6,55,70,36.17
2026-02-07,,,okay,7.5,57,68,36.18
2026-02-08,,,,7.5,60,70,36.15
2026-02-09,,,good,7.1,56,70,36.02
2026-02-10,,high energy,okay,,,,
2026-02-11,,high energy,great,7.4,58,71,36.15
2026-02-12,,high energy,great,7.8,55,67,36.22
2026-02-13,,,good,7.5,58,77,36.27
2026-02-14,,,okay,7.5,61,58,36.44
2026-02-15,,,,7.5,61,55,36.50
2026-02-16,,,,7.1,59,57,36.50
2026-02-17,,,,6.9,61,62,36.43
2026-02-18,,,okay,7.3,61,59,36.45
2026-02-19,,,good,6.8,61,61,36.51
2026-02-20,,,,7.7,61,63,36.42
2026-02-21,,,good,7.4,61,55,36.53
2026-02-22,,,,7.3,63,54,36.44
2026-02-23,,,,7.0,62,61,36.41
2026-02-24,,cravings,low,6.4,63,63,36.56
2026-02-25,,,,7.1,63,43,36.29
2026-02-26,,bloating,okay,6.2,63,50,36.34
2026-02-27,heavy,backache,okay,7.8,57,65,36.08
2026-02-28,heavy,backache,low,7.2,57,63,36.21
2026-03-01,medium,headache,okay,7.3,57,68,36.18
2026-03-02,light,,okay,6.8,58,76,36.07
2026-03-03,spotting,,okay,7.3,57,66,36.12
2026-03-04,,,,7.4,56,71,36.20
2026-03-05,,,good,8.2,58,75,36.19
2026-03-06,,,,7.0,56,64,36.14
2026-03-07,,,,6.9,58,71,36.20
2026-03-08,,,,,,,
2026-03-09,,high energy,good,8.2,58,64,36.14
2026-03-10,,,great,7.1,56,67,36.20
2026-03-11,,,,7.2,59,67,36.29
2026-03-12,,high energy,great,7.8,56,71,36.35
2026-03-13,,,,7.8,61,56,36.38
2026-03-14,,,okay,7.9,59,54,36.44
2026-03-15,,,,7.0,59,55,36.55
2026-03-16,,poor sleep,stressed,5.9,68,41,36.44
2026-03-17,,,stressed,5.6,65,42,36.47
2026-03-18,,,stressed,5.7,67,43,36.50
2026-03-19,,poor sleep,stressed,5.9,66,40,36.46
2026-03-20,,,stressed,6.4,67,42,36.54
2026-03-21,,poor sleep,stressed,5.5,65,39,36.43
2026-03-22,,sore breasts,stressed,7.0,66,42,36.44
2026-03-23,,sore breasts,irritable,6.6,62,54,36.48
2026-03-24,,poor sleep,irritable,6.2,63,49,36.26
2026-03-25,,headache,okay,6.7,63,50,36.28
2026-03-26,heavy,headache,okay,7.1,54,60,36.23
2026-03-27,heavy,,low,6.8,58,65,36.21
2026-03-28,medium,,good,6.7,57,63,36.05
2026-03-29,light,,okay,7.2,58,69,36.15
2026-03-30,spotting,low energy,good,7.9,55,71,36.16
2026-03-31,,,,7.1,56,68,36.11
2026-04-01,,,,6.7,58,70,36.17
2026-04-02,,,,8.1,56,66,36.18
2026-04-03,,,,7.9,56,71,36.14
2026-04-04,,,,6.9,58,75,36.09
2026-04-05,,,,7.0,57,66,36.17
2026-04-06,,,great,7.5,57,71,36.10
2026-04-07,,,,7.5,56,72,36.17
2026-04-08,,increased libido,okay,8.0,59,68,36.20
2026-04-09,,high energy; increased libido,great,7.5,56,65,36.25
2026-04-10,,high energy; increased libido,good,7.5,56,61,36.30
2026-04-11,,high energy; increased libido,good,7.2,58,67,36.28
2026-04-12,,,,7.6,59,53,36.51
2026-04-13,,,,7.0,60,57,36.43
2026-04-14,,,,,,,
2026-04-15,,,okay,7.3,62,56,36.46
2026-04-16,,,,7.6,58,60,36.50
2026-04-17,,,,7.1,58,58,36.55
2026-04-18,,,okay,7.9,61,62,36.45
2026-04-19,,,,7.7,60,59,36.45
2026-04-20,,poor sleep,okay,7.3,61,63,36.46
2026-04-21,,headache,good,7.6,59,56,36.49
2026-04-22,,,,7.4,61,58,36.46
2026-04-23,,bloating,low,6.1,62,48,36.26
2026-04-24,,,low,6.7,63,51,36.35
2026-04-25,heavy,low energy,low,7.2,55,60,36.16
2026-04-26,heavy,,low,6.9,57,65,36.09
2026-04-27,medium,backache,okay,7.4,57,72,36.17
2026-04-28,light,low energy,okay,7.3,59,60,36.14
2026-04-29,spotting,low energy,okay,6.8,57,71,36.18
2026-04-30,,,,7.1,57,77,36.14
2026-05-01,,,,7.2,57,75,36.03
2026-05-02,,,,7.7,57,72,36.17
2026-05-03,,,good,7.3,57,69,36.14
2026-05-04,,,,7.3,57,64,36.09
2026-05-05,,,,7.5,57,68,36.10
2026-05-06,,high energy; increased libido,okay,7.2,58,64,36.18
2026-05-07,,high energy; increased libido,good,8.0,57,65,36.20
2026-05-08,,high energy,good,7.5,55,63,36.26
2026-05-09,,increased libido,great,8.1,57,61,36.33
2026-05-10,,,,7.9,60,53,36.35
2026-05-11,,,,7.7,62,57,36.46
2026-05-12,,,,7.2,61,48,36.44
2026-05-13,,,,7.9,59,57,36.48
2026-05-14,,,,7.5,61,58,36.42
2026-05-15,,,,7.5,62,54,36.47
2026-05-16,,,,7.8,61,62,36.57
2026-05-17,,,okay,6.8,62,58,36.47
2026-05-18,,,,7.6,62,56,36.46
2026-05-19,,,okay,7.0,59,57,36.48
2026-05-20,,,low,6.3,62,53,36.54
2026-05-21,,headache,low,6.8,62,45,36.36
2026-05-22,,,low,6.3,65,48,36.28
2026-05-23,heavy,,okay,6.9,59,60,36.25
2026-05-24,heavy,cramps,okay,8.0,56,64,36.06
2026-05-25,medium,,good,6.7,57,70,36.21
2026-05-26,light,,okay,7.4,57,67,36.23
2026-05-27,spotting,,okay,7.3,56,70,36.19
2026-05-28,,,,7.6,55,70,36.15
2026-05-29,,,,7.4,57,65,36.18
2026-05-30,,,,,,,
2026-05-31,,,,7.4,58,68,36.18
2026-06-01,,,,7.7,56,64,36.12
2026-06-02,,,okay,7.6,55,67,36.18
2026-06-03,,,good,6.9,58,75,36.04
2026-06-04,,,okay,7.3,57,69,36.22
2026-06-05,,high energy,great,7.9,57,70,36.20
2026-06-06,,high energy,great,7.4,59,70,36.34
2026-06-07,,increased libido,good,8.3,57,69,36.30
2026-06-08,,,,7.8,62,57,36.48
2026-06-09,,,,7.3,63,53,36.47
2026-06-10,,,,,,,
2026-06-11,,,,8.0,59,60,36.50
2026-06-12,,,okay,7.4,62,59,36.55
2026-06-13,,,,7.7,58,59,36.48
2026-06-14,,,,7.3,60,64,36.44
2026-06-15,,,,7.4,61,57,36.46
2026-06-16,,sore breasts,good,7.5,61,56,36.50
2026-06-17,,sore breasts,good,7.0,61,57,36.48
2026-06-18,,sore breasts,irritable,7.2,61,59,36.50
2026-06-19,,,,6.5,64,42,36.36
2026-06-20,,bloating,okay,6.7,65,49,36.32
2026-06-21,heavy,,okay,7.5,56,67,36.21
2026-06-22,heavy,,okay,7.6,55,60,36.15
2026-06-23,medium,,good,7.7,57,67,36.16
2026-06-24,light,,good,7.8,56,76,36.09
2026-06-25,spotting,,okay,7.4,56,74,36.13
2026-06-26,,,good,7.5,60,63,36.20
2026-06-27,,,good,7.2,56,70,36.16
2026-06-28,,,,7.4,57,73,36.25
2026-06-29,,,,7.9,58,67,36.16
2026-06-30,,,okay,6.6,59,70,36.16
